{
  "sentiment_score": 19.16167664670659,
  "engagement_quality": 27.50299401197605,
  "topic_authority": 0.9281437125748504,
  "controversy_risk": 1.1459658489003672,
  "kol_score": 28.642476380149976
}